Scale Ticket #,Time In,Time Out,Commodity,Broker,Hauler,Heavy Weight (lbs),Light Weight (lbs),Net Weight  (lbs) AsFed,Bill Of Lading,Truck,Total,cwt
"67,519",2/1/2022 2:03,2/1/2022 3:31,Milk Barn 1,High Desert Milk,High Desert Milk,"105,460","35,340","70,120",164558,,0,701.2
"67,520",2/1/2022 2:26,2/1/2022 3:39,Milk Barn 1,High Desert Milk,High Desert Milk,"95,720","35,120","60,600",165022,,0,606
"67,522",2/1/2022 4:17,2/1/2022 5:19,Milk Barn 1,High Desert Milk,High Desert Milk,"102,260","35,900","66,360",165066,,0,663.6
"67,533",2/1/2022 10:11,2/1/2022 11:11,Milk Barn 1,High Desert Milk,High Desert Milk,"100,040","35,540","64,500",164916,,0,645
"67,542",2/1/2022 12:39,2/1/2022 12:44,Milk Barn 1,High Desert Milk,High Desert Milk,"101,640","35,420","66,220",164548,,0,662.2
"67,539",2/1/2022 11:23,2/1/2022 13:38,Milk Barn 1,High Desert Milk,High Desert Milk,"103,320","35,280","68,040",164917,,0,680.4
"67,553",2/1/2022 15:48,2/1/2022 16:43,Milk Barn 1,High Desert Milk,High Desert Milk,"98,800","34,960","63,840",164782,,0,638.4
"67,557",2/1/2022 17:04,2/1/2022 18:00,Milk Barn 1,High Desert Milk,High Desert Milk,"90,680","35,960","54,720",163930,,0,547.2
"67,566",2/2/2022 2:34,2/2/2022 3:37,Milk Barn 1,High Desert Milk,High Desert Milk,"101,740","36,200","65,540",164562,,0,655.4
"67,567",2/2/2022 2:46,2/2/2022 3:53,Milk Barn 1,High Desert Milk,High Desert Milk,"98,280","36,120","62,160",165026,,0,621.6
"67,568",2/2/2022 4:02,2/2/2022 4:59,Milk Barn 1,High Desert Milk,High Desert Milk,"104,240","36,000","68,240",164491,,0,682.4
"67,582",2/2/2022 9:42,2/2/2022 10:48,Milk Barn 1,High Desert Milk,High Desert Milk,"97,500","36,400","61,100",164801,,0,611
"67,590",2/2/2022 12:30,2/2/2022 13:24,Milk Barn 1,High Desert Milk,High Desert Milk,"100,260","36,340","63,920",164802,,0,639.2
"67,598",2/2/2022 15:56,2/2/2022 16:56,Milk Barn 1,High Desert Milk,High Desert Milk,"104,200","35,900","68,300",164625,,0,683
"67,608",2/3/2022 0:40,2/3/2022 1:33,Milk Barn 1,High Desert Milk,High Desert Milk,"86,000","36,100","49,900",160885,,0,499
"67,609",2/3/2022 3:48,2/3/2022 4:57,Milk Barn 1,High Desert Milk,High Desert Milk,"104,860","36,120","68,740",164495,,0,687.4
"67,610",2/3/2022 6:19,2/3/2022 7:15,Milk Barn 1,High Desert Milk,High Desert Milk,"99,800","35,960","63,840",164626,,0,638.4
"67,618",2/3/2022 9:04,2/3/2022 10:00,Milk Barn 1,High Desert Milk,High Desert Milk,"87,620","36,620","51,000",164805,,0,510
"67,623",2/3/2022 11:26,2/3/2022 12:25,Milk Barn 1,High Desert Milk,High Desert Milk,"93,640","36,520","57,120",164806,,0,571.2
"67,626",2/3/2022 13:03,2/3/2022 13:52,Milk Barn 1,High Desert Milk,High Desert Milk,"95,340","35,700","59,640",164628,,0,596.4
"67,634",2/3/2022 15:21,2/3/2022 16:20,Milk Barn 1,High Desert Milk,High Desert Milk,"96,640","35,940","60,700",165251,,0,607
"67,639",2/3/2022 17:36,2/3/2022 18:28,Milk Barn 1,High Desert Milk,High Desert Milk,"78,260","36,180","42,080",164683,,0,420.8
"67,644",2/3/2022 23:50,2/4/2022 0:45,Milk Barn 1,High Desert Milk,High Desert Milk,"99,300","35,600","63,700",160889,,0,637
"67,646",2/4/2022 4:10,2/4/2022 5:20,Milk Barn 1,High Desert Milk,High Desert Milk,"86,980","35,800","51,180",165070,,0,511.8
"67,653",2/4/2022 9:56,2/4/2022 10:44,Milk Barn 1,High Desert Milk,High Desert Milk,"90,840","35,800","55,040",165201,,0,550.4
"67,657",2/4/2022 10:39,2/4/2022 11:38,Milk Barn 1,High Desert Milk,High Desert Milk,"89,880","36,020","53,860",164920,,0,538.6
"67,673",2/4/2022 15:26,2/4/2022 16:16,Milk Barn 1,High Desert Milk,High Desert Milk,"103,700","35,480","68,220",164786,,0,682.2
"67,678",2/4/2022 18:04,2/4/2022 18:56,Milk Barn 1,High Desert Milk,High Desert Milk,"101,880","36,320","65,560",163934,,0,655.6
"67,681",2/4/2022 23:19,2/5/2022 0:37,Milk Barn 1,High Desert Milk,High Desert Milk,"102,660","36,340","66,320",165029,,0,663.2
"67,682",2/5/2022 1:31,2/5/2022 2:32,Milk Barn 1,High Desert Milk,High Desert Milk,"89,600","36,000","53,600",165030,,0,536
"67,684",2/5/2022 4:04,2/5/2022 5:09,Milk Barn 1,High Desert Milk,High Desert Milk,"91,560","36,400","55,160",165074,,0,551.6
"67,686",2/5/2022 9:54,2/5/2022 10:48,Milk Barn 1,High Desert Milk,High Desert Milk,"94,900","31,560","63,340",165205,,0,633.4
"67,687",2/5/2022 10:28,2/5/2022 11:42,Milk Barn 1,High Desert Milk,High Desert Milk,"91,540","36,440","55,100",164923,,0,551
"67,692",2/5/2022 14:23,2/5/2022 15:25,Milk Barn 1,High Desert Milk,High Desert Milk,"106,460","36,500","69,960",164790,,0,699.6
"67,696",2/5/2022 15:27,2/5/2022 16:12,Milk Barn 1,High Desert Milk,High Desert Milk,"104,020","35,520","68,500",165207,,0,685
"67,698",2/5/2022 16:30,2/5/2022 17:18,Milk Barn 1,High Desert Milk,High Desert Milk,"91,120","36,500","54,620",163938,,0,546.2
"67,701",2/5/2022 23:06,2/6/2022 0:28,Milk Barn 1,High Desert Milk,High Desert Milk,"87,700","36,280","51,420",165033,,0,514.2
"67,703",2/6/2022 1:52,2/6/2022 2:54,Milk Barn 1,High Desert Milk,High Desert Milk,"94,380","36,140","58,240",165034,,0,582.4
"67,705",2/6/2022 4:32,2/6/2022 5:30,Milk Barn 1,High Desert Milk,High Desert Milk,"90,060","36,160","53,900",165078,,0,539
"67,708",2/6/2022 9:38,2/6/2022 10:26,Milk Barn 1,High Desert Milk,High Desert Milk,"96,440","36,080","60,360",165209,,0,603.6
"67,709",2/6/2022 10:15,2/6/2022 11:14,Milk Barn 1,High Desert Milk,High Desert Milk,"85,580","36,140","49,440",164926,,0,494.4
"67,712",2/6/2022 13:37,2/6/2022 14:33,Milk Barn 1,High Desert Milk,High Desert Milk,"106,180","36,200","69,980",164794,,0,699.8
"67,714",2/6/2022 17:14,2/6/2022 18:14,Milk Barn 1,High Desert Milk,High Desert Milk,"105,900","36,420","69,480",`63942,,0,694.8
"67,719",2/7/2022 1:28,2/7/2022 2:53,Milk Barn 1,High Desert Milk,High Desert Milk,"90,400","36,500","53,900",165038,,0,539
"67,722",2/7/2022 3:53,2/7/2022 4:59,Milk Barn 1,High Desert Milk,High Desert Milk,"101,460","37,140","64,320",164499,,0,643.2
"67,732",2/7/2022 9:42,2/7/2022 10:39,Milk Barn 1,High Desert Milk,High Desert Milk,"93,120","35,880","57,240",164631,,0,572.4
"67,733",2/7/2022 9:46,2/7/2022 10:41,Milk Barn 1,High Desert Milk,High Desert Milk,"94,200","36,540","57,660",164809,,0,576.6
"67,738",2/7/2022 12:14,2/7/2022 13:09,Milk Barn 1,High Desert Milk,High Desert Milk,"95,560","36,540","59,020",164810,,0,590.2
"67,745",2/7/2022 15:23,2/7/2022 16:14,Milk Barn 1,High Desert Milk,High Desert Milk,"107,700","35,800","71,900",164633,,0,719
"67,746",2/7/2022 15:50,2/7/2022 16:54,Milk Barn 1,High Desert Milk,High Desert Milk,"107,540","36,040","71,500",165703,,0,715
"67,752",2/7/2022 18:08,2/7/2022 19:18,Milk Barn 1,High Desert Milk,High Desert Milk,"102,500","36,860","65,640",164687,,0,656.4
"67,754",2/7/2022 22:56,2/8/2022 0:06,Milk Barn 1,High Desert Milk,High Desert Milk,"85,820","36,540","49,280",160892,,0,492.8
"67,757",2/8/2022 3:47,2/8/2022 4:49,Milk Barn 1,High Desert Milk,High Desert Milk,"101,000","36,680","64,320",165553,,0,643.2
"67,764",2/8/2022 9:26,2/8/2022 10:25,Milk Barn 1,High Desert Milk,High Desert Milk,"93,320","36,420","56,900",164813,,0,569
"67,772",2/8/2022 11:58,2/8/2022 13:05,Milk Barn 1,High Desert Milk,High Desert Milk,"105,740","36,920","68,820",164814,,0,688.2
"67,779",2/8/2022 15:03,2/8/2022 15:59,Milk Barn 1,High Desert Milk,High Desert Milk,"90,600","35,760","54,840",165255,,0,548.4
"67,781",2/8/2022 15:33,2/8/2022 16:21,Milk Barn 1,High Desert Milk,High Desert Milk,"106,180","35,920","70,260",164637,,0,702.6
"67,789",2/8/2022 17:39,2/8/2022 18:48,Milk Barn 1,High Desert Milk,High Desert Milk,"102,200","36,060","66,140",164691,,0,661.4
"67,792",2/9/2022 0:42,2/9/2022 1:36,Milk Barn 1,High Desert Milk,High Desert Milk,"97,300","36,760","60,540",160896,,0,605.4
"67,793",2/9/2022 4:11,2/9/2022 5:22,Milk Barn 1,High Desert Milk,High Desert Milk,"97,920","36,120","61,800",165082,,0,618
"67,807",2/9/2022 9:40,2/9/2022 10:31,Milk Barn 1,High Desert Milk,High Desert Milk,"98,220","36,080","62,140",165213,,0,621.4
"67,811",2/9/2022 10:28,2/9/2022 11:17,Milk Barn 1,High Desert Milk,High Desert Milk,"87,720","36,780","50,940",164929,,0,509.4
"67,818",2/9/2022 12:40,2/9/2022 13:34,Milk Barn 1,High Desert Milk,High Desert Milk,"104,520","36,280","68,240",164930,,0,682.4
"67,826",2/9/2022 14:35,2/9/2022 15:25,Milk Barn 1,High Desert Milk,High Desert Milk,"98,340","35,520","62,820",164798,,0,628.2
"67,832",2/10/2022 1:45,2/10/2022 2:51,Milk Barn 1,High Desert Milk,High Desert Milk,"97,180","35,760","61,420",165042,,0,614.2
"67,834",2/10/2022 4:04,2/10/2022 5:01,Milk Barn 1,High Desert Milk,High Desert Milk,"91,240","36,300","54,940",165086,,0,549.4
"67,846",2/10/2022 10:09,2/10/2022 11:05,Milk Barn 1,High Desert Milk,High Desert Milk,"101,040","36,620","64,420",164933,,0,644.2
"67,855",2/10/2022 12:59,2/10/2022 14:01,Milk Barn 1,High Desert Milk,High Desert Milk,"105,180","36,180","69,000",164934,,0,690
"67,858",2/10/2022 13:19,2/10/2022 14:06,Milk Barn 1,High Desert Milk,High Desert Milk,"106,460","36,080","70,380",165218,,0,703.8
"67,863",2/10/2022 15:28,2/10/2022 16:21,Milk Barn 1,High Desert Milk,High Desert Milk,"99,000","36,200","62,800",165452,,0,628
"67,868",2/10/2022 17:25,2/10/2022 18:23,Milk Barn 1,High Desert Milk,High Desert Milk,"105,460","36,360","69,100",165500,,0,691
"67,871",2/10/2022 22:35,2/10/2022 23:39,Milk Barn 1,High Desert Milk,High Desert Milk,"100,900","35,960","64,940",164082,,0,649.4
"67,873",2/11/2022 1:30,2/11/2022 2:36,Milk Barn 1,High Desert Milk,High Desert Milk,"104,100","35,940","68,160",164579,,0,681.6
"67,884",2/11/2022 9:25,2/11/2022 10:27,Milk Barn 1,High Desert Milk,High Desert Milk,"105,320","35,880","69,440",164638,,0,694.4
"67,891",2/11/2022 12:20,2/11/2022 13:31,Milk Barn 1,High Desert Milk,High Desert Milk,"105,680","35,960","69,720",164639,,0,697.2
"67,893",2/11/2022 13:05,2/11/2022 14:02,Milk Barn 1,High Desert Milk,High Desert Milk,"104,940","35,960","68,980",164817,,0,689.8
"67,899",2/11/2022 16:27,2/11/2022 17:12,Milk Barn 1,High Desert Milk,High Desert Milk,"106,960","36,040","70,920",164640,,0,709.2
"67,900",2/11/2022 18:22,2/11/2022 19:27,Milk Barn 1,High Desert Milk,High Desert Milk,"107,700","36,000","71,700",165258,,0,717
"67,904",2/11/2022 23:22,2/12/2022 0:17,Milk Barn 1,High Desert Milk,High Desert Milk,"104,080","35,960","68,120",160899,,0,681.2
"67,908",2/12/2022 7:27,2/12/2022 8:33,Milk Barn 1,High Desert Milk,High Desert Milk,"102,420","35,920","66,500",165560,,0,665
"67,909",2/12/2022 9:17,2/12/2022 10:08,Milk Barn 1,High Desert Milk,High Desert Milk,"106,580","36,160","70,420",164820,,0,704.2
"67,916",2/12/2022 11:44,2/12/2022 12:36,Milk Barn 1,High Desert Milk,High Desert Milk,"100,280","36,080","64,200",164821,,0,642
"67,921",2/12/2022 13:54,2/12/2022 15:35,Milk Barn 1,High Desert Milk,High Desert Milk,"105,940","36,040","69,900",2705,,0,699
"67,924",2/12/2022 15:57,2/12/2022 16:55,Milk Barn 1,High Desert Milk,High Desert Milk,"101,100","36,520","64,580",165268,,0,645.8
"67,925",2/12/2022 16:16,2/12/2022 17:20,Milk Barn 1,High Desert Milk,High Desert Milk,"98,860","36,000","62,860",164644,,0,628.6
"67,929",2/12/2022 22:07,2/12/2022 23:02,Milk Barn 1,High Desert Milk,High Desert Milk,"106,520","35,960","70,560",165652,,0,705.6
"67,932",2/12/2022 23:53,2/13/2022 0:50,Milk Barn 1,High Desert Milk,High Desert Milk,"101,300","36,220","65,080",165653,,0,650.8
"67,934",2/13/2022 3:26,2/13/2022 4:35,Milk Barn 1,High Desert Milk,High Desert Milk,"106,560","36,280","70,280",165563,,0,702.8
"67,935",2/13/2022 6:11,2/13/2022 7:02,Milk Barn 1,High Desert Milk,High Desert Milk,"100,960","36,440","64,520",1164823,,0,645.2
"67,939",2/13/2022 11:10,2/13/2022 12:08,Milk Barn 1,High Desert Milk,High Desert Milk,"106,600","36,220","70,380",164825,,0,703.8
"67,940",2/13/2022 12:44,2/13/2022 13:48,Milk Barn 1,High Desert Milk,High Desert Milk,"99,780","36,040","63,740",164647,,0,637.4
"67,942",2/13/2022 15:38,2/13/2022 16:37,Milk Barn 1,High Desert Milk,High Desert Milk,"105,340","36,180","69,160",165265,,0,691.6
"67,943",2/13/2022 16:43,2/13/2022 17:57,Milk Barn 1,High Desert Milk,High Desert Milk,"103,360","36,700","66,660",165301,,0,666.6
"67,951",2/14/2022 4:10,2/14/2022 5:14,Milk Barn 1,High Desert Milk,High Desert Milk,"103,800","35,620","68,180",165090,,0,681.8
"67,961",2/14/2022 9:50,2/14/2022 10:45,Milk Barn 1,High Desert Milk,High Desert Milk,"105,500","35,660","69,840",164937,,0,698.4
"67,971",2/14/2022 12:11,2/14/2022 13:06,Milk Barn 1,High Desert Milk,High Desert Milk,"104,260","35,660","68,600",164938,,0,686
"67,972",2/14/2022 12:52,2/14/2022 13:58,Milk Barn 1,High Desert Milk,High Desert Milk,"104,460","36,200","68,260",165222,,0,682.6
"67,979",2/14/2022 14:13,2/14/2022 15:05,Milk Barn 1,High Desert Milk,High Desert Milk,"103,560","35,980","67,580",165456,,0,675.8
"67,985",2/14/2022 16:44,2/14/2022 17:50,Milk Barn 1,High Desert Milk,High Desert Milk,"103,240","36,400","66,840",165504,,0,668.4
"67,989",2/14/2022 22:29,2/14/2022 23:45,Milk Barn 1,High Desert Milk,High Desert Milk,"104,580","36,200","68,380",165048,,0,683.8
"67,992",2/15/2022 0:43,2/15/2022 1:51,Milk Barn 1,High Desert Milk,High Desert Milk,"104,740","36,520","68,220",165049,,0,682.2
"67,994",2/15/2022 4:10,2/15/2022 5:24,Milk Barn 1,High Desert Milk,High Desert Milk,"104,560","36,220","68,340",165094,,0,683.4
"68,005",2/15/2022 10:12,2/15/2022 11:04,Milk Barn 1,High Desert Milk,High Desert Milk,"104,660","36,040","68,620",164941,,0,686.2
"68,009",2/15/2022 10:52,2/15/2022 11:55,Milk Barn 1,High Desert Milk,High Desert Milk,"106,960","36,080","70,880",165351,,0,708.8
"68,012",2/15/2022 12:39,2/15/2022 13:38,Milk Barn 1,High Desert Milk,High Desert Milk,"106,080","36,020","70,060",164942,,0,700.6
"68,019",2/15/2022 16:24,2/15/2022 17:21,Milk Barn 1,High Desert Milk,High Desert Milk,"104,860","36,660","68,200",165460,,0,682
"68,020",2/15/2022 17:36,2/15/2022 18:23,Milk Barn 1,High Desert Milk,High Desert Milk,"104,000","36,000","68,000",165353,,0,680
"68,025",2/15/2022 20:53,2/15/2022 21:40,Milk Barn 1,High Desert Milk,High Desert Milk,"78,840","36,280","42,560",164585,,0,425.6
"68,027",2/16/2022 2:07,2/16/2022 3:15,Milk Barn 1,High Desert Milk,High Desert Milk,"106,740","36,140","70,600",165803,,0,706
"68,029",2/16/2022 3:59,2/16/2022 5:01,Milk Barn 1,High Desert Milk,High Desert Milk,"101,300","35,780","65,520",165567,,0,655.2
"68,047",2/16/2022 12:57,2/16/2022 13:57,Milk Barn 1,High Desert Milk,High Desert Milk,"107,200","36,720","70,480",164829,,0,704.8
"68,057",2/16/2022 16:28,2/16/2022 17:20,Milk Barn 1,High Desert Milk,High Desert Milk,"99,920","35,920","64,000",165269,,0,640
"68,061",2/16/2022 20:47,2/16/2022 21:39,Milk Barn 1,High Desert Milk,High Desert Milk,"105,780","35,560","70,220",164745,,0,702.2
"68,063",2/17/2022 0:15,2/17/2022 1:17,Milk Barn 1,High Desert Milk,High Desert Milk,"103,720","35,380","68,340",164982,,0,683.4
"68,064",2/17/2022 0:39,2/17/2022 1:58,Milk Barn 1,High Desert Milk,Idaho Milk,"100,860","35,620","65,240",165775,,0,652.4
"68,065",2/17/2022 4:21,2/17/2022 5:20,Milk Barn 1,High Desert Milk,High Desert Milk,"103,940","35,980","67,960",165571,,0,679.6
"68,073",2/17/2022 8:56,2/17/2022 9:44,Milk Barn 1,High Desert Milk,High Desert Milk,"102,760","36,060","66,700",157579,,0,667
"68,088",2/17/2022 13:43,2/17/2022 14:39,Milk Barn 1,High Desert Milk,High Desert Milk,"106,360","36,040","70,320",164833,,0,703.2
"68,093",2/17/2022 15:58,2/17/2022 16:44,Milk Barn 1,High Desert Milk,High Desert Milk,"98,900","35,580","63,320",165273,,0,633.2
"68,094",2/17/2022 17:26,2/17/2022 18:30,Milk Barn 1,High Desert Milk,High Desert Milk,"106,380","36,120","70,260",165309,,0,702.6
"68,099",2/17/2022 20:22,2/17/2022 21:14,Milk Barn 1,High Desert Milk,High Desert Milk,"97,840","35,900","61,940",164749,,0,619.4
"68,101",2/17/2022 21:34,2/17/2022 22:37,Milk Barn 1,High Desert Milk,High Desert Milk,"103,720","36,200","67,520",164985,,0,675.2
"68,103",2/18/2022 0:51,2/18/2022 1:50,Milk Barn 1,High Desert Milk,High Desert Milk,"100,200","35,980","64,220",165779,,0,642.2
"68,105",2/18/2022 4:10,2/18/2022 5:12,Milk Barn 1,High Desert Milk,High Desert Milk,"103,640","35,760","67,880",165098,,0,678.8
"68,123",2/18/2022 13:58,2/18/2022 14:55,Milk Barn 1,High Desert Milk,High Desert Milk,"103,840","35,620","68,220",164946,,0,682.2
"68,126",2/18/2022 14:34,2/18/2022 15:35,Milk Barn 1,High Desert Milk,High Desert Milk,"100,360","35,680","64,680",165464,,0,646.8
"68,131",2/18/2022 16:40,2/18/2022 17:14,Milk Barn 1,High Desert Milk,High Desert Milk,"106,940","35,580","71,360",164090,,0,713.6
"68,137",2/18/2022 21:49,2/18/2022 22:36,Milk Barn 1,High Desert Milk,High Desert Milk,"98,840","36,580","62,260",165131,,0,622.6
"68,140",2/19/2022 0:27,2/19/2022 0:45,Milk Barn 1,High Desert Milk,High Desert Milk,"103,460","36,360","67,100",165806,,0,671
"68,139",2/18/2022 23:33,2/19/2022 1:33,Milk Barn 1,High Desert Milk,High Desert Milk,"106,800","35,260","71,540",164594,,0,715.4
"68,142",2/19/2022 4:11,2/19/2022 5:14,Milk Barn 1,High Desert Milk,High Desert Milk,"96,200","36,560","59,640",165052,,0,596.4
"68,143",2/19/2022 5:48,2/19/2022 6:52,Milk Barn 1,High Desert Milk,High Desert Milk,"105,480","36,240","69,240",165274,,0,692.4
"68,154",2/19/2022 14:13,2/19/2022 14:59,Milk Barn 1,High Desert Milk,High Desert Milk,"106,040","36,260","69,780",165955,,0,697.8
"68,157",2/19/2022 16:26,2/19/2022 17:17,Milk Barn 1,High Desert Milk,High Desert Milk,"101,760","36,160","65,600",164094,,0,656
"68,159",2/19/2022 17:33,2/19/2022 17:57,Milk Barn 1,High Desert Milk,High Desert Milk,"106,140","35,660","70,480",165277,,0,704.8
"68,160",2/19/2022 18:18,2/19/2022 19:14,Milk Barn 1,High Desert Milk,High Desert Milk,"91,940","36,500","55,440",165516,,0,554.4
"68,161",2/20/2022 4:18,2/20/2022 5:25,Milk Barn 1,High Desert Milk,High Desert Milk,"105,480","36,040","69,440",165963,,0,694.4
"68,168",2/20/2022 14:22,2/20/2022 15:04,Milk Barn 1,High Desert Milk,High Desert Milk,"106,000","35,800","70,200",165959,,0,702
"68,169",2/20/2022 15:47,2/20/2022 16:28,Milk Barn 1,High Desert Milk,High Desert Milk,"100,380","35,780","64,600",165281,,0,646
"68,171",2/20/2022 16:48,2/20/2022 17:43,Milk Barn 1,High Desert Milk,High Desert Milk,"106,420","36,300","70,120",164098,,0,701.2
"68,174",2/20/2022 20:55,2/20/2022 21:44,Milk Barn 1,High Desert Milk,High Desert Milk,"106,680","36,640","70,040",165138,,0,700.4
"68,176",2/20/2022 23:20,2/21/2022 0:06,Milk Barn 1,High Desert Milk,High Desert Milk,"99,380","36,880","62,500",165139,,0,625
"68,177",2/21/2022 2:10,2/21/2022 3:06,Milk Barn 1,High Desert Milk,High Desert Milk,"106,340","36,440","69,900",166102,,0,699
"68,194",2/21/2022 12:05,2/21/2022 13:05,Milk Barn 1,High Desert Milk,High Desert Milk,"107,300","35,820","71,480",150580,,0,714.8
"68,200",2/21/2022 13:39,2/21/2022 14:21,Milk Barn 1,High Desert Milk,High Desert Milk,"100,880","36,340","64,540",164837,,0,645.4
"68,205",2/21/2022 16:09,2/21/2022 17:01,Milk Barn 1,High Desert Milk,High Desert Milk,"105,140","36,140","69,000",165285,,0,690
"68,207",2/21/2022 18:42,2/21/2022 19:26,Milk Barn 1,High Desert Milk,High Desert Milk,"100,780","36,440","64,340",165313,,0,643.4
"68,208",2/21/2022 20:09,2/21/2022 20:51,Milk Barn 1,High Desert Milk,High Desert Milk,"102,780","35,960","66,820",165853,,0,668.2
"68,209",2/21/2022 21:39,2/21/2022 22:31,Milk Barn 1,High Desert Milk,High Desert Milk,"100,440","36,260","64,180",164990,,0,641.8
"68,210",2/22/2022 1:05,2/22/2022 2:24,Milk Barn 1,High Desert Milk,High Desert Milk,"104,940","35,680","69,260",165789,,0,692.6
"68,211",2/22/2022 3:36,2/22/2022 4:25,Milk Barn 1,High Desert Milk,High Desert Milk,"99,340","36,480","62,860",165579,,0,628.6
"68,227",2/22/2022 13:13,2/22/2022 14:17,Milk Barn 1,High Desert Milk,High Desert Milk,"104,200","36,320","67,880",164841,,0,678.8
"68,231",2/22/2022 15:26,2/22/2022 16:13,Milk Barn 1,High Desert Milk,High Desert Milk,"101,960","36,040","65,920",165288,,0,659.2
"68,236",2/22/2022 19:59,2/22/2022 20:44,Milk Barn 1,High Desert Milk,High Desert Milk,"106,160","35,700","70,460",1665857,,0,704.6
"68,548",2/23/2022 10:50,2/23/2022 11:52,Milk Barn 1,High Desert Milk,High Desert Milk,"99,700","36,000","63,700",NS-manually 165671,,0,637
"68,549",2/23/2022 12:54,2/23/2022 13:55,Milk Barn 1,High Desert Milk,High Desert Milk,"106,160","36,000","70,160",NS-manually 165793,,0,701.6
"68,259",2/23/2022 14:21,2/23/2022 15:08,Milk Barn 1,High Desert Milk,High Desert Milk,"105,340","35,680","69,660",166301,,0,696.6
"68,264",2/23/2022 16:22,2/23/2022 17:13,Milk Barn 1,High Desert Milk,High Desert Milk,"105,560","35,500","70,060",165468,,0,700.6
"68,265",2/23/2022 16:43,2/23/2022 17:54,Milk Barn 1,High Desert Milk,High Desert Milk,"99,440","35,700","63,740",166050,,0,637.4
"68,268",2/23/2022 18:07,2/23/2022 19:18,Milk Barn 1,High Desert Milk,High Desert Milk,"102,200","36,000","66,200",165524,,0,662
"68,270",2/23/2022 20:32,2/23/2022 21:31,Milk Barn 1,High Desert Milk,High Desert Milk,"104,240","35,780","68,460",165142,,0,684.6
"68,271",2/23/2022 23:26,2/24/2022 0:34,Milk Barn 1,High Desert Milk,High Desert Milk,"103,400","35,540","67,860",165815,,0,678.6
"68,273",2/24/2022 2:06,2/24/2022 3:01,Milk Barn 1,High Desert Milk,High Desert Milk,"101,420","35,660","65,760",165816,,0,657.6
"68,237",2/23/2022 0:16,2/24/2022 5:21,Milk Barn 1,High Desert Milk,High Desert Milk,"102,840","36,260","66,580",165971,,0,665.8
"68,240",2/23/2022 4:19,2/24/2022 5:21,Milk Barn 1,High Desert Milk,High Desert Milk,"102,820","35,640","67,180",0,,0,671.8
"68,238",2/23/2022 0:51,2/24/2022 10:43,Milk Barn 1,High Desert Milk,High Desert Milk,"102,000","35,680","66,320",0,,0,663.2
"68,275",2/24/2022 4:16,2/24/2022 10:44,Milk Barn 1,High Desert Milk,High Desert Milk,"101,960","35,700","66,260",0,,0,662.6
"68,293",2/24/2022 10:04,2/24/2022 10:44,Milk Barn 1,High Desert Milk,High Desert Milk,"101,980","35,560","66,420",157581,,0,664.2
"68,301",2/24/2022 14:09,2/24/2022 15:06,Milk Barn 1,High Desert Milk,High Desert Milk,"106,700","36,400","70,300",166305,,0,703
"68,306",2/24/2022 15:37,2/24/2022 16:26,Milk Barn 1,High Desert Milk,High Desert Milk,"97,640","36,360","61,280",165472,,0,612.8
"68,314",2/24/2022 22:01,2/24/2022 22:55,Milk Barn 1,High Desert Milk,High Desert Milk,"98,320","35,700","62,620",4108250,,0,626.2
"68,316",2/25/2022 3:39,2/25/2022 4:26,Milk Barn 1,High Desert Milk,High Desert Milk,"98,440","36,400","62,040",165583,,0,620.4
"68,317",2/25/2022 4:10,2/25/2022 5:06,Milk Barn 1,High Desert Milk,High Desert Milk,"102,500","36,600","65,900",166109,,0,659
"68,327",2/25/2022 9:10,2/25/2022 9:57,Milk Barn 1,High Desert Milk,High Desert Milk,"95,900","36,560","59,340",4107976,,0,593.4
"68,340",2/25/2022 13:17,2/25/2022 14:08,Milk Barn 1,High Desert Milk,High Desert Milk,"104,980","36,820","68,160",164845,,0,681.6
"68,344",2/25/2022 14:57,2/25/2022 15:42,Milk Barn 1,High Desert Milk,High Desert Milk,"101,660","37,040","64,620",4107977,,0,646.2
"68,348",2/25/2022 16:22,2/25/2022 17:16,Milk Barn 1,High Desert Milk,High Desert Milk,"105,560","35,640","69,920",165293,,0,699.2
"68,350",2/25/2022 20:27,2/25/2022 21:11,Milk Barn 1,High Desert Milk,High Desert Milk,"86,400","30,760","55,640",4107978,,0,556.4
"68,355",2/25/2022 23:24,2/26/2022 0:24,Milk Barn 1,High Desert Milk,High Desert Milk,"109,200","36,420","72,780",164998,,0,727.8
"68,357",2/26/2022 0:53,2/26/2022 2:01,Milk Barn 1,High Desert Milk,High Desert Milk,"90,000","35,760","54,240",165797,,0,542.4
"68,358",2/26/2022 3:54,2/26/2022 4:51,Milk Barn 1,High Desert Milk,High Desert Milk,"100,260","36,340","63,920",165587,,0,639.2
"68,372",2/26/2022 12:13,2/26/2022 13:01,Milk Barn 1,High Desert Milk,High Desert Milk,"93,780","36,780","57,000",164849,,0,570
"68,378",2/26/2022 15:56,2/26/2022 17:05,Milk Barn 1,High Desert Milk,High Desert Milk,"105,260","35,840","69,420",165297,,0,694.2
"68,384",2/26/2022 19:36,2/26/2022 20:20,Milk Barn 1,High Desert Milk,High Desert Milk,"95,020","36,060","58,960",4107701,,0,589.6
"68,386",2/26/2022 20:51,2/26/2022 21:42,Milk Barn 1,High Desert Milk,High Desert Milk,"97,740","36,200","61,540",164201,,0,615.4
"68,387",2/27/2022 1:00,2/27/2022 2:06,Milk Barn 1,High Desert Milk,High Desert Milk,"96,620","36,160","60,460",166201,,0,604.6
"68,388",2/27/2022 3:24,2/27/2022 4:14,Milk Barn 1,High Desert Milk,High Desert Milk,"104,100","36,400","67,700",4107702,,0,677
"68,542",2/27/2022 9:20,2/27/2022 10:22,Milk Barn 1,High Desert Milk,High Desert Milk,"107,480","36,000","71,480",NS-manually 4107703,,0,714.8
"68,391",2/27/2022 10:54,2/27/2022 11:50,Milk Barn 1,High Desert Milk,High Desert Milk,"99,620","36,060","63,560",166152,,0,635.6
"68,395",2/27/2022 15:21,2/27/2022 16:04,Milk Barn 1,High Desert Milk,High Desert Milk,"99,020","36,140","62,880",166451,,0,628.8
"68,397",2/27/2022 19:19,2/27/2022 20:03,Milk Barn 1,High Desert Milk,High Desert Milk,"94,760","34,220","60,540",4107704,,0,605.4
"68,398",2/27/2022 20:43,2/27/2022 21:29,Milk Barn 1,High Desert Milk,High Desert Milk,"92,400","35,580","56,820",7705,,0,568.2
"68,401",2/28/2022 0:44,2/28/2022 1:44,Milk Barn 1,High Desert Milk,High Desert Milk,"106,780","35,880","70,900",4107980,,0,709
"68,403",2/28/2022 4:09,2/28/2022 5:17,Milk Barn 1,High Desert Milk,High Desert Milk,"106,780","35,920","70,860",4107706,,0,708.6
"68,419",2/28/2022 13:56,2/28/2022 14:43,Milk Barn 1,High Desert Milk,High Desert Milk,"104,460","35,900","68,560",166309,,0,685.6
"68,422",2/28/2022 14:39,2/28/2022 15:24,Milk Barn 1,High Desert Milk,High Desert Milk,"100,640","36,080","64,560",165476,,0,645.6
"68,429",2/28/2022 16:25,2/28/2022 17:29,Milk Barn 1,High Desert Milk,High Desert Milk,"107,360","35,960","71,400",166057,,0,714
"68,434",2/28/2022 21:34,2/28/2022 22:20,Milk Barn 1,High Desert Milk,High Desert Milk,"98,440","36,300","62,140",4107710,,0,621.4
"67,517",1/31/2022 22:32,2/1/2022 0:09,Milk Barn 4,Jerome Cheese Agropur,Giltner,"101,720","37,640","64,080",44-13229,,0,640.8
"67,524",2/1/2022 6:34,2/1/2022 7:50,Milk Barn 4,Jerome Cheese Agropur,Giltner,"108,420","36,740","71,680",4413231,,0,716.8
"67,537",2/1/2022 11:20,2/1/2022 12:45,Milk Barn 4,Jerome Cheese Agropur,Giltner,"105,620","35,600","70,020",4413230x4,,0,700.2
"67,563",2/1/2022 22:15,2/1/2022 23:19,Milk Barn 4,Jerome Cheese Agropur,Giltner,"99,920","38,880","61,040",4413232,,0,610.4
"67,565",2/2/2022 2:02,2/2/2022 3:07,Milk Barn 4,Jerome Cheese Agropur,Giltner,"103,660","39,580","64,080",44-13233,,0,640.8
"67,570",2/2/2022 6:43,2/2/2022 7:55,Milk Barn 4,Jerome Cheese Agropur,Giltner,"108,160","35,840","72,320",4413234,,0,723.2
"67,593",2/2/2022 13:42,2/2/2022 14:33,Milk Barn 4,Jerome Cheese Agropur,Giltner,"99,880","39,060","60,820",642113,,0,608.2
"67,604",2/2/2022 19:26,2/2/2022 21:03,Milk Barn 4,Jerome Cheese Agropur,Giltner,"104,460","39,180","65,280",4413264,,0,652.8
"67,607",2/3/2022 0:25,2/3/2022 1:49,Milk Barn 4,Jerome Cheese Agropur,Giltner,"100,300","39,540","60,760",4413265,,0,607.6
"67,613",2/3/2022 7:09,2/3/2022 8:22,Milk Barn 4,Jerome Cheese Agropur,Giltner,"104,880","36,440","68,440",4413266,,0,684.4
"67,624",2/3/2022 12:14,2/3/2022 13:44,Milk Barn 4,Jerome Cheese Agropur,Giltner,"95,840","33,900","61,940",4412699,,0,619.4
"67,638",2/3/2022 17:01,2/3/2022 18:40,Milk Barn 4,Jerome Cheese Agropur,Giltner,"95,940","36,020","59,920",643302,,0,599.2
"67,645",2/4/2022 1:57,2/4/2022 3:46,Milk Barn 4,Jerome Cheese Agropur,Giltner,"88,380","35,740","52,640",13235,,0,526.4
"67,679",2/4/2022 19:28,2/4/2022 21:03,Milk Barn 4,Jerome Cheese Agropur,Giltner,"101,140","37,600","63,540",4413288,,0,635.4
"67,683",2/5/2022 2:11,2/5/2022 3:22,Milk Barn 4,Jerome Cheese Agropur,Giltner,"90,980","36,120","54,860",4412690,,0,548.6
"67,694",2/5/2022 14:44,2/5/2022 15:37,Milk Barn 4,Jerome Cheese Agropur,Giltner,"103,940","39,180","64,760",44-12697,,0,647.6
"67,700",2/5/2022 19:24,2/5/2022 20:40,Milk Barn 4,Jerome Cheese Agropur,Giltner,"96,620","39,340","57,280",4413236,,0,572.8
"67,707",2/6/2022 5:55,2/6/2022 7:05,Milk Barn 4,Jerome Cheese Agropur,Giltner,"107,700","38,720","68,980",4413238,,0,689.8
"67,716",2/6/2022 18:07,2/6/2022 19:39,Milk Barn 4,Jerome Cheese Agropur,Giltner,"113,080","38,140","74,940",44-13239,,0,749.4
"67,721",2/7/2022 2:49,2/7/2022 3:47,Milk Barn 4,Jerome Cheese Agropur,Giltner,"92,120","36,400","55,720",4413237,,0,557.2
"67,723",2/7/2022 6:34,2/7/2022 7:47,Milk Barn 4,Jerome Cheese Agropur,Giltner,"95,700","38,200","57,500",4413241,,0,575
"67,788",2/7/2022 16:26,2/7/2022 17:26,Milk Barn 4,Jerome Cheese Agropur,Giltner,"98,640","36,000","62,640",4413240-NS manually,,0,626.4
"67,753",2/7/2022 18:30,2/7/2022 19:55,Milk Barn 4,Jerome Cheese Agropur,Giltner,"104,660","36,260","68,400",44-13242,,0,684
"67,760",2/8/2022 6:33,2/8/2022 7:38,Milk Barn 4,Jerome Cheese Agropur,Giltner,"97,620","34,940","62,680",4413243,,0,626.8
"67,771",2/8/2022 11:33,2/8/2022 13:06,Milk Barn 4,Jerome Cheese Agropur,Giltner,"100,680","34,940","65,740",4413244,,0,657.4
"67,790",2/8/2022 21:58,2/8/2022 23:18,Milk Barn 4,Jerome Cheese Agropur,Giltner,"100,280","32,520","67,760",4413245,,0,677.6
"67,794",2/9/2022 6:18,2/9/2022 7:29,Milk Barn 4,Jerome Cheese Agropur,Giltner,"107,940","38,040","69,900",4413286,,0,699
"67,812",2/9/2022 10:40,2/9/2022 11:53,Milk Barn 4,Jerome Cheese Agropur,Giltner,"101,340","35,900","65,440",4413287,,0,654.4
"67,830",2/9/2022 22:27,2/9/2022 23:55,Milk Barn 4,Jerome Cheese Agropur,Giltner,"103,620","37,640","65,980",4413246,,0,659.8
"67,835",2/10/2022 5:24,2/10/2022 6:22,Milk Barn 4,Jerome Cheese Agropur,Giltner,"99,860","35,880","63,980",4412691,,0,639.8
"67,869",2/10/2022 18:07,2/10/2022 19:22,Milk Barn 4,Jerome Cheese Agropur,Giltner,"107,800","35,620","72,180",44-12692,,0,721.8
"67,870",2/10/2022 19:10,2/10/2022 20:29,Milk Barn 4,Jerome Cheese Agropur,Giltner,"108,840","37,940","70,900",4412692,,0,709
"67,874",2/11/2022 2:08,2/11/2022 3:13,Milk Barn 4,Jerome Cheese Agropur,Giltner,"108,320","37,580","70,740",44-12694,,0,707.4
"67,875",2/11/2022 4:49,2/11/2022 5:54,Milk Barn 4,Jerome Cheese Agropur,Giltner,"116,420","39,680","76,740",4412695,,0,767.4
"67,901",2/11/2022 18:46,2/11/2022 20:16,Milk Barn 4,Jerome Cheese Agropur,Giltner,"107,340","37,900","69,440",44-13247,,0,694.4
"67,907",2/12/2022 6:31,2/12/2022 7:54,Milk Barn 4,Jerome Cheese Agropur,Giltner,"104,360","35,660","68,700",4413248,,0,687
"67,911",2/12/2022 9:55,2/12/2022 11:21,Milk Barn 4,Jerome Cheese Agropur,Giltner,"107,700","39,420","68,280",4413249,,0,682.8
"67,926",2/12/2022 18:54,2/12/2022 20:04,Milk Barn 4,Jerome Cheese Agropur,Giltner,"108,840","37,560","71,280",4412611,,0,712.8
"67,930",2/12/2022 22:21,2/12/2022 23:50,Milk Barn 4,Jerome Cheese Agropur,Giltner,"105,720","36,120","69,600",44-13250,,0,696
"67,936",2/13/2022 6:33,2/13/2022 7:35,Milk Barn 4,Jerome Cheese Agropur,Giltner,"106,320","37,560","68,760",4413251,,0,687.6
"67,945",2/13/2022 18:36,2/13/2022 20:13,Milk Barn 4,Jerome Cheese Agropur,Idaho Milk,"106,880","37,660","69,220",4412610,,0,692.2
"67,946",2/13/2022 21:24,2/13/2022 22:52,Milk Barn 4,Jerome Cheese Agropur,Giltner,"106,580","35,440","71,140",44-13285,,0,711.4
"67,952",2/14/2022 6:01,2/14/2022 7:16,Milk Barn 4,Jerome Cheese Agropur,Giltner,"103,080","35,460","67,620",4413281,,0,676.2
"67,987",2/14/2022 19:25,2/14/2022 20:50,Milk Barn 4,Jerome Cheese Agropur,Giltner,"105,820","35,800","70,020",4412609,,0,700.2
"67,995",2/15/2022 5:48,2/15/2022 6:52,Milk Barn 4,Jerome Cheese Agropur,Giltner,"107,900","37,640","70,260",4413282,,0,702.6
"67,997",2/15/2022 8:10,2/15/2022 9:12,Milk Barn 4,Jerome Cheese Agropur,Giltner,"109,040","38,420","70,620",4413283,,0,706.2
"68,001",2/15/2022 9:06,2/15/2022 17:44,Milk Barn 4,Jerome Cheese Agropur,Giltner,"108,280","35,740","72,540",4412586,,0,725.4
"68,022",2/15/2022 18:37,2/15/2022 19:37,Milk Barn 4,Jerome Cheese Agropur,Giltner,"100,780","39,800","60,980",missed heavy load,,0,609.8
"68,026",2/15/2022 22:14,2/15/2022 23:26,Milk Barn 4,Jerome Cheese Agropur,Giltner,"109,560","37,940","71,620",4412587,,0,716.2
"68,028",2/16/2022 2:49,2/16/2022 3:49,Milk Barn 4,Jerome Cheese Agropur,Giltner,"103,780","35,480","68,300",4412588,,0,683
"68,060",2/16/2022 18:51,2/16/2022 20:12,Milk Barn 4,Jerome Cheese Agropur,Giltner,"106,620","35,200","71,420",44-12589,,0,714.2
"68,062",2/16/2022 23:46,2/17/2022 1:27,Milk Barn 4,Jerome Cheese Agropur,Giltner,"107,840","39,340","68,500",4412590,,0,685
"68,066",2/17/2022 7:44,2/17/2022 8:41,Milk Barn 4,Jerome Cheese Agropur,Giltner,"105,720","35,660","70,060",442112592,,0,700.6
"68,097",2/17/2022 18:46,2/17/2022 19:58,Milk Barn 4,Jerome Cheese Agropur,Giltner,"107,300","39,180","68,120",44-12591,,0,681.2
"68,107",2/18/2022 6:32,2/18/2022 7:54,Milk Barn 4,Jerome Cheese Agropur,Giltner,"102,040","34,840","67,200",4412594,,0,672
"68,114",2/18/2022 10:02,2/18/2022 11:03,Milk Barn 4,Jerome Cheese Agropur,Giltner,"107,060","39,120","67,940",4412596,,0,679.4
"68,199",2/18/2022 13:28,2/18/2022 13:28,Milk Barn 4,Jerome Cheese Agropur,Giltner,"111,500","36,000","75,500",NS-manually 4412593,,0,755
"68,133",2/18/2022 18:07,2/18/2022 19:27,Milk Barn 4,Jerome Cheese Agropur,Giltner,"107,180","38,840","68,340",4412597,,0,683.4
"68,135",2/18/2022 20:50,2/18/2022 22:18,Milk Barn 4,Jerome Cheese Agropur,Giltner,"112,880","37,520","75,360",44-12595,,0,753.6
"68,144",2/19/2022 6:19,2/19/2022 7:30,Milk Barn 4,Jerome Cheese Agropur,Giltner,"106,040","36,720","69,320",4412608,,0,693.2
"68,146",2/19/2022 7:59,2/19/2022 9:07,Milk Barn 4,Jerome Cheese Agropur,Giltner,"105,700","37,580","68,120",4412598,,0,681.2
"68,224",2/19/2022 16:44,2/19/2022 17:44,Milk Barn 4,Jerome Cheese Agropur,Idaho Milk,"107,000","36,000","71,000",ns-manually 4412599,,0,710
"68,162",2/20/2022 5:51,2/20/2022 6:58,Milk Barn 4,Jerome Cheese Agropur,Giltner,"102,980","36,900","66,080",4412600,,0,660.8
"68,164",2/20/2022 9:03,2/20/2022 10:09,Milk Barn 4,Jerome Cheese Agropur,Giltner,"106,780","35,940","70,840",4412601,,0,708.4
"68,172",2/20/2022 17:41,2/20/2022 19:02,Milk Barn 4,Jerome Cheese Agropur,Giltner,"105,280","35,780","69,500",4412602,,0,695
"68,175",2/20/2022 21:22,2/20/2022 22:28,Milk Barn 4,Jerome Cheese Agropur,Giltner,"107,360","37,580","69,780",4412603,,0,697.8
"68,178",2/21/2022 5:59,2/21/2022 7:16,Milk Barn 4,Jerome Cheese Agropur,Giltner,"102,340","34,940","67,400",4412607,,0,674
"68,182",2/21/2022 8:59,2/21/2022 10:07,Milk Barn 4,Jerome Cheese Agropur,Giltner,"107,920","36,580","71,340",4412606,,0,713.4
"68,201",2/21/2022 13:57,2/21/2022 15:30,Milk Barn 4,Jerome Cheese Agropur,Giltner,"100,660","37,960","62,700",4412604,,0,627
"68,206",2/21/2022 17:50,2/21/2022 19:16,Milk Barn 4,Jerome Cheese Agropur,Giltner,"106,380","35,600","70,780",4412605,,0,707.8
"68,212",2/22/2022 4:18,2/22/2022 5:14,Milk Barn 4,Jerome Cheese Agropur,Giltner,"104,420","35,540","68,880",4413253,,0,688.8
"68,217",2/22/2022 8:14,2/22/2022 9:21,Milk Barn 4,Jerome Cheese Agropur,Giltner,"101,840","35,880","65,960",4413280,,0,659.6
"68,230",2/22/2022 15:23,2/22/2022 16:45,Milk Barn 4,Jerome Cheese Agropur,Giltner,"108,620","39,260","69,360",4413552,,0,693.6
"68,241",2/23/2022 6:40,2/23/2022 8:08,Milk Barn 4,Jerome Cheese Agropur,Giltner,"101,820","33,480","68,340",4413256,,0,683.4
"68,335",2/23/2022 15:15,2/23/2022 16:15,Milk Barn 4,Jerome Cheese Agropur,Giltner,"100,960","36,000","64,960",NS-manually 4413255,,0,649.6
"68,337",2/23/2022 16:06,2/23/2022 17:06,Milk Barn 4,Jerome Cheese Agropur,Giltner,"101,920","36,000","65,920",NS-manually 4413257,,0,659.2
"68,269",2/23/2022 20:23,2/23/2022 21:52,Milk Barn 4,Jerome Cheese Agropur,Giltner,"106,500","35,560","70,940",4413258   BARN 4,,0,709.4
"68,276",2/24/2022 5:54,2/24/2022 7:17,Milk Barn 4,Jerome Cheese Agropur,Giltner,"105,320","34,540","70,780",4413259,,0,707.8
"68,286",2/24/2022 9:26,2/24/2022 10:37,Milk Barn 4,Jerome Cheese Agropur,Giltner,"105,060","33,480","71,580",4413260,,0,715.8
"68,313",2/24/2022 18:29,2/24/2022 20:40,Milk Barn 4,Jerome Cheese Agropur,Giltner,"102,840","36,520","66,320",4413261,,0,663.2
"68,315",2/24/2022 22:28,2/25/2022 0:15,Milk Barn 4,Jerome Cheese Agropur,Giltner,"105,300","35,580","69,720",4413262,,0,697.2
"68,318",2/25/2022 6:02,2/25/2022 7:30,Milk Barn 4,Jerome Cheese Agropur,Giltner,"103,200","36,660","66,540",4413263,,0,665.4
"68,326",2/25/2022 8:47,2/25/2022 9:59,Milk Barn 4,Jerome Cheese Agropur,Giltner,"99,640","38,360","61,280",4413267,,0,612.8
"68,349",2/25/2022 18:57,2/25/2022 21:26,Milk Barn 4,Jerome Cheese Agropur,Giltner,"100,600","34,640","65,960",4413268,,0,659.6
"68,356",2/25/2022 23:44,2/26/2022 1:09,Milk Barn 4,Jerome Cheese Agropur,Giltner,"104,560","35,940","68,620",4411001,,0,686.2
"68,359",2/26/2022 5:50,2/26/2022 7:24,Milk Barn 4,Jerome Cheese Agropur,Giltner,"106,380","35,880","70,500",4411003,,0,705
"68,381",2/26/2022 16:22,2/26/2022 17:31,Milk Barn 4,Jerome Cheese Agropur,Giltner,"105,780","36,460","69,320",4411002,,0,693.2
"68,383",2/26/2022 19:16,2/26/2022 21:03,Milk Barn 4,Jerome Cheese Agropur,Giltner,"105,260","39,280","65,980",4413270,,0,659.8
"68,389",2/27/2022 5:56,2/27/2022 7:07,Milk Barn 4,Jerome Cheese Agropur,Giltner,"106,240","37,860","68,380",4413269,,0,683.8
"68,392",2/27/2022 11:46,2/27/2022 12:35,Milk Barn 4,Jerome Cheese Agropur,Giltner,"89,220","35,260","53,960",4412379,,0,539.6
"68,396",2/27/2022 18:35,2/27/2022 19:43,Milk Barn 4,Jerome Cheese Agropur,Giltner,"97,300","35,600","61,700",4413271,,0,617
"68,402",2/28/2022 2:22,2/28/2022 3:20,Milk Barn 4,Jerome Cheese Agropur,Giltner,"94,320","36,420","57,900",4413272,,0,579
"68,415",2/28/2022 10:13,2/28/2022 11:18,Milk Barn 4,Jerome Cheese Agropur,Giltner,"107,520","35,640","71,880",4432173,,0,718.8
"68,431",2/28/2022 16:32,2/28/2022 17:49,Milk Barn 4,Jerome Cheese Agropur,Giltner,"106,880","36,160","70,720",4413274,,0,707.2
"67,521",2/1/2022 2:38,2/1/2022 3:53,Milk Barn 5,Gossner Foods,Thornley,"94,420","34,760","59,660",442505,,0,596.6
"67,649",2/4/2022 9:02,2/4/2022 10:24,Milk Barn 5,Gossner Foods,Thornley,"118,040","46,020","72,020",442522,,0,720.2
"67,660",2/4/2022 12:15,2/4/2022 13:33,Milk Barn 5,Gossner Foods,Thornley,"120,000","46,060","73,940",442523,,0,739.4
"67,693",2/5/2022 14:38,2/5/2022 15:42,Milk Barn 5,Gossner Foods,Thornley,"98,380","36,020","62,360",442524,,0,623.6
"67,699",2/5/2022 18:39,2/6/2022 22:29,Milk Barn 5,Gossner Foods,Thornley,"116,840","31,840","85,000",0,,0,850
"67,717",2/6/2022 22:29,2/6/2022 23:28,Milk Barn 5,Gossner Foods,Thornley,"97,940","32,060","65,880",442526,,0,658.8
"67,800",2/7/2022 5:30,2/7/2022 6:30,Milk Barn 5,Gossner Foods,Thornley,"127,000","36,000","91,000",7762-NS manually,,0,910
"67,802",2/7/2022 12:30,2/7/2022 13:30,Milk Barn 5,Gossner Foods,Thornley,"126,645","36,000","90,645",NS-manually,,0,906.45
"67,803",2/8/2022 9:40,2/8/2022 10:40,Milk Barn 5,Gossner Foods,Thornley,"99,000","36,000","63,000",NS-manually,,0,630
"67,881",2/9/2022 6:30,2/9/2022 7:30,Milk Barn 5,Gossner Foods,Thornley,"121,715","36,000","85,715",NS-manually,,0,857.15
"67,882",2/9/2022 9:30,2/9/2022 10:30,Milk Barn 5,Gossner Foods,Thornley,"99,000","36,000","63,000",NS-manually,,0,630
"67,966",2/10/2022 8:10,2/10/2022 9:10,Milk Barn 5,Gossner Foods,Thornley,"99,000","36,000","63,000",NS-Manually,,0,630
"67,965",2/10/2022 10:50,2/10/2022 11:50,Milk Barn 5,Gossner Foods,Thornley,"118,000","36,000","82,000",NS-manually,,0,820
"67,968",2/11/2022 11:25,2/11/2022 12:25,Milk Barn 5,Gossner Foods,Thornley,"101,000","36,000","65,000",NS-manually,,0,650
"67,898",2/11/2022 14:48,2/11/2022 16:10,Milk Barn 5,Gossner Foods,Thornley,"132,100","46,500","85,600",442622,,0,856
"67,910",2/12/2022 9:22,2/12/2022 10:27,Milk Barn 5,Gossner Foods,Thornley,"99,320","35,740","63,580",442623,,0,635.8
"67,917",2/12/2022 12:15,2/12/2022 13:09,Milk Barn 5,Gossner Foods,Thornley,"110,340","46,660","63,680",442624,,0,636.8
"67,937",2/13/2022 8:43,2/13/2022 10:13,Milk Barn 5,Gossner Foods,Thornley,"126,900","44,560","82,340",442532,,0,823.4
"67,955",2/14/2022 8:15,2/14/2022 9:45,Milk Barn 5,Gossner Foods,Thornley,"131,340","46,620","84,720",442535,,0,847.2
"67,993",2/15/2022 3:29,2/15/2022 4:38,Milk Barn 5,Gossner Foods,Thornley,"131,960","46,420","85,540",442626,,0,855.4
"68,010",2/15/2022 11:16,2/15/2022 12:25,Milk Barn 5,Gossner Foods,Thornley,"132,420","46,200","86,220",442627,,0,862.2
"68,042",2/16/2022 11:09,2/16/2022 12:07,Milk Barn 5,Gossner Foods,Thornley,"97,560","35,820","61,740",442628,,0,617.4
"68,052",2/16/2022 14:11,2/16/2022 15:20,Milk Barn 5,Gossner Foods,Thornley,"133,620","47,300","86,320",442628,,0,863.2
"68,069",2/17/2022 8:16,2/17/2022 9:24,Milk Barn 5,Gossner Foods,Thornley,"135,100","46,260","88,840",442630,,0,888.4
"68,112",2/18/2022 9:01,2/18/2022 10:48,Milk Barn 5,Gossner Foods,Thornley,"130,660","46,540","84,120",442632,,0,841.2
"68,120",2/18/2022 12:53,2/18/2022 14:25,Milk Barn 5,Gossner Foods,Thornley,"128,500","46,980","81,520",442633,,0,815.2
"68,145",2/19/2022 6:40,2/19/2022 7:51,Milk Barn 5,Gossner Foods,Thornley,"133,540","47,100","86,440",442635,,0,864.4
"68,153",2/19/2022 12:12,2/19/2022 13:27,Milk Barn 5,Gossner Foods,Thornley,"134,980","47,240","87,740",442637,,0,877.4
"68,166",2/20/2022 12:24,2/20/2022 13:51,Milk Barn 5,Gossner Foods,Thornley,"132,800","46,360","86,440",442638,,0,864.4
"68,179",2/21/2022 6:33,2/21/2022 8:00,Milk Barn 5,Gossner Foods,Thornley,"134,140","46,280","87,860",442640,,0,878.6
"68,285",2/22/2022 9:26,2/22/2022 10:27,Milk Barn 5,Gossner Foods,Thornley,"121,140","36,000","85,140",NS-manually 53222,,0,851.4
"68,228",2/22/2022 13:37,2/22/2022 14:45,Milk Barn 5,Gossner Foods,Thornley,"131,800","46,580","85,220",442643,,0,852.2
"68,256",2/23/2022 12:43,2/23/2022 13:56,Milk Barn 5,Gossner Foods,Thornley,"130,940","46,040","84,900",442645,,0,849
"68,274",2/24/2022 3:30,2/24/2022 4:37,Milk Barn 5,Gossner Foods,Thornley,"131,360","46,120","85,240",442646,,0,852.4
"68,296",2/24/2022 11:02,2/24/2022 12:11,Milk Barn 5,Gossner Foods,Thornley,"130,760","45,800","84,960",442647,,0,849.6
"68,336",2/25/2022 12:03,2/25/2022 13:51,Milk Barn 5,Gossner Foods,Thornley,"130,520","46,620","83,900",442648,,0,839
"68,375",2/26/2022 13:57,2/26/2022 15:00,Milk Barn 5,Gossner Foods,Thornley,"132,400","47,060","85,340",442649,,0,853.4
"68,393",2/27/2022 12:24,2/27/2022 13:58,Milk Barn 5,Gossner Foods,Thornley,"133,820","46,660","87,160",44207,,0,871.6
"68,410",2/28/2022 9:04,2/28/2022 11:16,Milk Barn 5,Gossner Foods,Thornley,"131,060","46,600","84,460",442704,,0,844.6
"67,780",2/2/2022 21:50,2/2/2022 22:50,Milk Barn 5,High Desert Milk,High Desert Milk,"106,000","36,000","70,000",164623-NS manual,,0,700
"67,677",2/4/2022 16:24,2/4/2022 17:19,Milk Barn 5,High Desert Milk,High Desert Milk,"69,440","35,560","33,880",165203,,0,338.8
"67,713",2/6/2022 14:56,2/6/2022 15:57,Milk Barn 5,High Desert Milk,High Desert Milk,"106,660","36,040","70,620",165211,,0,706.2
"67,766",2/8/2022 9:35,2/8/2022 10:43,Milk Barn 5,High Desert Milk,High Desert Milk,"96,940","36,540","60,400",164635,,0,604
"67,866",2/10/2022 16:28,2/10/2022 17:35,Milk Barn 5,High Desert Milk,High Desert Milk,"106,700","36,060","70,640",165219,,0,706.4
"67,913",2/12/2022 10:44,2/12/2022 12:07,Milk Barn 5,High Desert Milk,High Desert Milk,"108,080","36,200","71,880",164642,,0,718.8
"67,982",2/14/2022 15:26,2/14/2022 16:39,Milk Barn 5,High Desert Milk,High Desert Milk,"107,080","36,360","70,720",165223,,0,707.2
"68,059",2/16/2022 18:48,2/16/2022 19:57,Milk Barn 5,High Desert Milk,High Desert Milk,"104,200","36,320","67,880",165305,,0,678.8
"68,132",2/18/2022 18:02,2/18/2022 19:42,Milk Barn 5,High Desert Milk,High Desert Milk,"107,780","36,000","71,780",165512,,0,717.8
"68,173",2/20/2022 18:16,2/20/2022 20:02,Milk Barn 5,High Desert Milk,High Desert Milk,"104,120","36,260","67,860",165520,,0,678.6
"68,235",2/22/2022 18:03,2/22/2022 19:25,Milk Barn 5,High Desert Milk,High Desert Milk,"105,220","35,840","69,380",165317,,0,693.8
"68,311",2/24/2022 17:56,2/24/2022 19:34,Milk Barn 5,High Desert Milk,High Desert Milk,"99,040","37,680","61,360",165529,,0,613.6
"68,382",2/26/2022 17:40,2/26/2022 19:02,Milk Barn 5,High Desert Milk,High Desert Milk,"94,500","36,180","58,320",165324,,0,583.2
"68,432",2/28/2022 17:26,2/28/2022 19:07,Milk Barn 5,High Desert Milk,High Desert Milk,"107,320","36,380","70,940",165535,,0,709.4
"67,518",2/1/2022 0:22,2/1/2022 1:48,Milk Barn 5,Magic Valley Quality Milk,Magic Valley Quality Milk,"99,940","34,760","65,180",18,,0,651.8
"67,564",2/2/2022 0:35,2/2/2022 2:05,Milk Barn 5,Magic Valley Quality Milk,Magic Valley Quality Milk,"94,920","35,220","59,700",18,,0,597
"67,580",2/2/2022 9:30,2/2/2022 10:54,Milk Barn 5,Magic Valley Quality Milk,Magic Valley Quality Milk,"107,740","35,920","71,820",164623,,0,718.2
"67,605",2/2/2022 23:10,2/3/2022 0:43,Milk Barn 5,Magic Valley Quality Milk,Magic Valley Quality Milk,"104,240","35,520","68,720",11990430,,0,687.2
"67,642",2/3/2022 23:13,2/4/2022 0:42,Milk Barn 5,Magic Valley Quality Milk,Magic Valley Quality Milk,"91,920","34,680","57,240",11990422,,0,572.4
"67,680",2/4/2022 23:15,2/5/2022 0:45,Milk Barn 5,Magic Valley Quality Milk,Magic Valley Quality Milk,"96,300","35,120","61,180",11990454,,0,611.8
"67,702",2/6/2022 0:11,2/6/2022 2:07,Milk Barn 5,Magic Valley Quality Milk,Magic Valley Quality Milk,"92,680","35,680","57,000",18,,0,570
"67,718",2/6/2022 23:53,2/7/2022 1:25,Milk Barn 5,Magic Valley Quality Milk,Magic Valley Quality Milk,"85,780","35,840","49,940",18,,0,499.4
"67,782",2/7/2022 15:38,2/7/2022 16:38,Milk Barn 5,Magic Valley Quality Milk,Magic Valley Quality Milk,"104,500","36,000","68,500",8357-NS manually,,0,685
"67,755",2/8/2022 12:37,2/8/2022 1:37,Milk Barn 5,Magic Valley Quality Milk,Magic Valley Quality Milk,"93,340","35,580","57,760",18,,0,577.6
"67,865",2/9/2022 15:14,2/9/2022 16:10,Milk Barn 5,Magic Valley Quality Milk,Magic Valley Quality Milk,"105,000","36,000","69,000",NS-manually,,0,690
"67,831",2/10/2022 0:20,2/10/2022 1:48,Milk Barn 5,Magic Valley Quality Milk,Magic Valley Quality Milk,"98,340","35,320","63,020",18,,0,630.2
"67,872",2/10/2022 23:54,2/11/2022 1:44,Milk Barn 5,Magic Valley Quality Milk,Magic Valley Quality Milk,"102,400","35,360","67,040",12019120,,0,670.4
"67,905",2/11/2022 23:25,2/12/2022 0:59,Milk Barn 5,Magic Valley Quality Milk,Magic Valley Quality Milk,"105,220","35,260","69,960",12019182,,0,699.6
"67,933",2/13/2022 0:02,2/13/2022 1:36,Milk Barn 5,Magic Valley Quality Milk,Magic Valley Quality Milk,"105,140","35,480","69,660",18,,0,696.6
"67,948",2/14/2022 0:02,2/14/2022 1:27,Milk Barn 5,Magic Valley Quality Milk,Magic Valley Quality Milk,"105,480","35,240","70,240",18,,0,702.4
"67,991",2/15/2022 0:20,2/15/2022 1:45,Milk Barn 5,Magic Valley Quality Milk,Magic Valley Quality Milk,"105,780","35,440","70,340",18,,0,703.4
"68,035",2/16/2022 7:38,2/16/2022 8:58,Milk Barn 5,Magic Valley Quality Milk,Magic Valley Quality Milk,"105,440","36,780","68,660",374364,,0,686.6
"68,072",2/17/2022 8:39,2/17/2022 10:38,Milk Barn 5,Magic Valley Quality Milk,Magic Valley Quality Milk,"105,840","36,440","69,400",376709,,0,694
"68,108",2/18/2022 8:35,2/18/2022 9:54,Milk Barn 5,Magic Valley Quality Milk,Magic Valley Quality Milk,"104,880","36,460","68,420",384817,,0,684.2
"68,147",2/19/2022 8:41,2/19/2022 10:12,Milk Barn 5,Magic Valley Quality Milk,Magic Valley Quality Milk,"109,240","36,680","72,560",12044374,,0,725.6
"68,163",2/20/2022 6:22,2/20/2022 7:38,Milk Barn 5,Magic Valley Quality Milk,Magic Valley Quality Milk,"109,220","36,720","72,500",12065906,,0,725
"68,181",2/21/2022 8:44,2/21/2022 10:10,Milk Barn 5,Magic Valley Quality Milk,Magic Valley Quality Milk,"109,660","36,680","72,980",12065968,,0,729.8
"68,214",2/22/2022 7:41,2/22/2022 9:14,Milk Barn 5,Magic Valley Quality Milk,Magic Valley Quality Milk,"108,960","36,680","72,280",384437,,0,722.8
"68,247",2/23/2022 8:27,2/23/2022 10:16,Milk Barn 5,Magic Valley Quality Milk,Magic Valley Quality Milk,"109,020","36,480","72,540",384440,,0,725.4
"68,287",2/24/2022 9:30,2/24/2022 10:53,Milk Barn 5,Magic Valley Quality Milk,Magic Valley Quality Milk,"107,800","35,960","71,840",12108,,0,718.4
"68,329",2/25/2022 10:25,2/25/2022 11:51,Milk Barn 5,Magic Valley Quality Milk,Magic Valley Quality Milk,"99,720","36,820","62,900",12065942,,0,629
"68,365",2/26/2022 9:25,2/26/2022 10:35,Milk Barn 5,Magic Valley Quality Milk,Magic Valley Quality Milk,"97,220","36,900","60,320",12065974,,0,603.2
"68,390",2/27/2022 8:07,2/27/2022 9:22,Milk Barn 5,Magic Valley Quality Milk,Magic Valley Quality Milk,"99,660","36,820","62,840",12060975,,0,628.4
"68,409",2/28/2022 8:51,2/28/2022 10:08,Milk Barn 5,Magic Valley Quality Milk,Magic Valley Quality Milk,"103,180","36,740","66,440",12090684,,0,664.4